作物1,作物2,皮埃尔系数
黄豆,黑豆,-0.7663143695955199
黄豆,红豆,0.9720386551339188
黄豆,绿豆,0.06642497364809419
黄豆,爬豆,0.10848528562838244
黄豆,小麦,0.20709907804815209
黄豆,玉米,-0.3143676380542797
黄豆,谷子,0.4618917031246026
黄豆,高粱,-0.8497821578062741
黄豆,黍子,-0.11412557125301004
黄豆,荞麦,0.19218230716527973
黄豆,南瓜,0.6661140700010837
黄豆,红薯,0.2078061896746275
黄豆,莜麦,0.7530498664143397
黄豆,大麦,0.5555534190458682
黄豆,水稻,-0.15668527451013703
黄豆,豇豆,0.4048936184561298
黄豆,刀豆,-0.7655230164930003
黄豆,芸豆,0.05034524951509556
黄豆,土豆,0.9593638875749304
黄豆,西红柿,0.4711610455972699
黄豆,茄子,0.3146227825924308
黄豆,菠菜,0.16353393910349356
黄豆,青椒,-0.8996625164192102
黄豆,菜花,-0.2113833703009862
黄豆,包菜,0.9593625483554684
黄豆,油麦菜,0.33186542537543406
黄豆,小青菜,-0.021283047359698992
黄豆,黄瓜,0.8620044464659338
黄豆,生菜,-0.8516075280985607
黄豆,辣椒,0.334039698420177
黄豆,空心菜,-0.3228111652780503
黄豆,黄心菜,-0.48208072333950347
黄豆,芹菜,-0.7292078324823483
黄豆,大白菜,-0.5962913234142411
黄豆,白萝卜,-0.45873886771892747
黄豆,红萝卜,0.09513136020294333
黄豆,榆黄菇,-0.5104900368902832
黄豆,香菇,-0.4666840701337105
黄豆,白灵菇,-0.6677053450204846
黄豆,羊肚菌,-0.964245098453794
黑豆,红豆,0.48460375632501385
黑豆,绿豆,0.6460871968877104
黑豆,爬豆,-0.3137464321958514
黑豆,小麦,0.4546951809499924
黑豆,玉米,-0.7528318834335257
黑豆,谷子,-0.5139407519912975
黑豆,高粱,0.5014594928045888
黑豆,黍子,-0.08351686835530225
黑豆,荞麦,-0.5942559932613172
黑豆,南瓜,0.7700316494765598
黑豆,红薯,-0.6866622934854154
黑豆,莜麦,0.7103555893730285
黑豆,大麦,-0.20320747255568827
黑豆,水稻,-0.6620310077712599
黑豆,豇豆,0.08285172424530929
黑豆,刀豆,0.7064027162022426
黑豆,芸豆,0.8891069750970819
黑豆,土豆,-0.1357076503715411
黑豆,西红柿,0.2759256464398012
黑豆,茄子,-0.9947986587151632
黑豆,菠菜,-0.5966559968060485
黑豆,青椒,0.4598597623142826
黑豆,菜花,-0.9456038433276812
黑豆,包菜,0.4695977297100016
黑豆,油麦菜,-0.14413622615850574
黑豆,小青菜,-0.5068385870394674
黑豆,黄瓜,0.5497958377849577
黑豆,生菜,-0.6624453552780467
黑豆,辣椒,0.007691550946004266
黑豆,空心菜,0.9948128136726586
黑豆,黄心菜,0.5793196573404011
黑豆,芹菜,0.19273262180940098
黑豆,大白菜,0.21944676027402066
黑豆,白萝卜,-0.7915401357148395
黑豆,红萝卜,-0.9964145044304671
黑豆,榆黄菇,0.4847909442258429
黑豆,香菇,0.824073325818623
黑豆,白灵菇,0.33218210986315255
黑豆,羊肚菌,0.02369593700134076
红豆,绿豆,-0.4126548320042356
红豆,爬豆,-0.4825824328205168
红豆,小麦,-0.7317476277367183
红豆,玉米,-0.31345951833020136
红豆,谷子,-0.34868842562896996
红豆,高粱,0.5229793030406344
红豆,黍子,-0.42012369553206796
红豆,荞麦,-0.7139914146098669
红豆,南瓜,0.006450263905920073
红豆,红薯,-0.6499660455736207
红豆,莜麦,0.6373546883844246
红豆,大麦,0.3109037157006955
红豆,水稻,-0.46375142224770793
红豆,豇豆,-0.14740363861519268
红豆,刀豆,0.5620990548622453
红豆,芸豆,-0.7120992203411267
红豆,土豆,0.5585051663043119
红豆,西红柿,-0.9099169563104326
红豆,茄子,-0.7709301182830854
红豆,菠菜,0.6165182542588772
红豆,青椒,-0.9914756703396637
红豆,菜花,-0.4587541648999447
红豆,包菜,0.9500862717136884
红豆,油麦菜,-0.2996025518597336
红豆,小青菜,0.8918044041646227
红豆,黄瓜,-0.7532546703643812
红豆,生菜,0.7097377360483716
红豆,辣椒,0.41192958509135535
红豆,空心菜,0.4249541618767092
红豆,黄心菜,0.1723059055719529
红豆,芹菜,0.7697133547839419
红豆,大白菜,0.2643588242001744
红豆,白萝卜,0.6139956648653697
红豆,红萝卜,-0.800734684773361
红豆,榆黄菇,0.17667340380331398
红豆,香菇,0.7351788167534008
红豆,白灵菇,-0.8354187456062714
红豆,羊肚菌,0.9575799494888528
绿豆,爬豆,0.8273378323771774
绿豆,小麦,-0.22018419854504878
绿豆,玉米,-0.39465060123150564
绿豆,谷子,-0.4848818191506503
绿豆,高粱,0.4165954175963258
绿豆,黍子,-0.5990627714706418
绿豆,荞麦,-0.16405986666349714
绿豆,南瓜,-0.7916875264456253
绿豆,红薯,0.31759047472417046
绿豆,莜麦,-0.2874949242971734
绿豆,大麦,0.9479639907738902
绿豆,水稻,-0.3019957983493866
绿豆,豇豆,-0.8294019389210998
绿豆,刀豆,-0.8659732893796168
绿豆,芸豆,-0.14810041269507113
绿豆,土豆,-0.15335876686588734
绿豆,西红柿,-0.24540036330403714
绿豆,茄子,0.10466698533088725
绿豆,菠菜,-0.5044574049278403
绿豆,青椒,-0.48076601967062826
绿豆,菜花,-0.37731767052339005
绿豆,包菜,0.02308555789599498
绿豆,油麦菜,-0.905603516651013
绿豆,小青菜,0.6842776180011585
绿豆,黄瓜,-0.5366862608689646
绿豆,生菜,0.0080320309512385
绿豆,辣椒,0.5432494936560734
绿豆,空心菜,0.7433156526040272
绿豆,黄心菜,0.5280191216230317
绿豆,芹菜,0.5472239804105916
绿豆,大白菜,0.9750023497231017
绿豆,白萝卜,0.3296709688468136
绿豆,红萝卜,0.8647454981038767
绿豆,榆黄菇,0.37129243888903063
绿豆,香菇,-0.07240254251762557
绿豆,白灵菇,-0.033462140301030896
绿豆,羊肚菌,-0.9797667495385385
爬豆,小麦,-0.9854109821931798
爬豆,玉米,0.3518022091330826
爬豆,谷子,0.41606254095787554
爬豆,高粱,-0.6057589149364089
爬豆,黍子,-0.5052048781924261
爬豆,荞麦,-0.5552185064435766
爬豆,南瓜,-0.4045978586554
爬豆,红薯,0.444565736592927
爬豆,莜麦,-0.2894665913708616
爬豆,大麦,-0.2727793169607149
爬豆,水稻,-0.2764992452994455
爬豆,豇豆,0.26556712476981015
爬豆,刀豆,-0.5417727775798358
爬豆,芸豆,0.34852636553326
爬豆,土豆,0.41749024333305007
爬豆,西红柿,-0.27534638013997426
爬豆,茄子,0.5032252623677844
爬豆,菠菜,0.325603081043891
爬豆,青椒,-0.07267217020204475
爬豆,菜花,-0.8119761350042614
爬豆,包菜,0.24959475817581867
爬豆,油麦菜,0.6526955666868164
爬豆,小青菜,-0.46489758430247186
爬豆,黄瓜,0.18931646544605085
爬豆,生菜,0.7474993957325813
爬豆,辣椒,-0.6988313305826199
爬豆,空心菜,0.9729217094636204
爬豆,黄心菜,0.4699414850472028
爬豆,芹菜,0.7686728313540796
爬豆,大白菜,0.5001631691672546
爬豆,白萝卜,-0.6751779962579223
爬豆,红萝卜,-0.11691484992429402
爬豆,榆黄菇,0.07925683887525792
爬豆,香菇,0.8653225715771498
爬豆,白灵菇,-0.7462208698363979
爬豆,羊肚菌,-0.42886896074902037
小麦,玉米,0.40068348209247207
小麦,谷子,0.3401649441075172
小麦,高粱,0.6212193402328221
小麦,黍子,0.6249272534759298
小麦,荞麦,0.6675704724645772
小麦,南瓜,0.4472474166640774
小麦,红薯,0.11140818408369446
小麦,莜麦,-0.4814203536271473
小麦,大麦,-0.38269741155951564
小麦,水稻,0.18178868134194648
小麦,豇豆,-0.1693449159215068
小麦,刀豆,-0.6071318181056842
小麦,芸豆,0.38212813728302075
小麦,土豆,0.0030987653567837725
小麦,西红柿,-0.2808168000991287
小麦,茄子,0.9430214876141962
小麦,菠菜,-0.39539847051151855
小麦,青椒,0.3573363475019382
小麦,菜花,0.5433507856677309
小麦,包菜,0.08710814428827773
小麦,油麦菜,-0.21475079367713867
小麦,小青菜,-0.48265166100742873
小麦,黄瓜,-0.7067739005291185
小麦,生菜,0.728931949505043
小麦,辣椒,0.15836705819789376
小麦,空心菜,0.29531678444428877
小麦,黄心菜,-0.35202432818935936
小麦,芹菜,-0.3021568964328125
小麦,大白菜,0.6089591065147237
小麦,白萝卜,-0.41503720166618385
小麦,红萝卜,-0.7859521424642453
小麦,榆黄菇,0.40904741712751047
小麦,香菇,-0.2315369046890674
小麦,白灵菇,-0.085248591537743
小麦,羊肚菌,-0.5035788862773385
玉米,谷子,0.3069603692383762
玉米,高粱,-0.35590215889777443
玉米,黍子,0.8692426688756283
玉米,荞麦,-0.6136912032167845
玉米,南瓜,-0.9990901947510034
玉米,红薯,-0.007523687386835842
玉米,莜麦,-0.3557240875166192
玉米,大麦,-0.7555887420038587
玉米,水稻,0.8144813753112383
玉米,豇豆,0.05973975496851214
玉米,刀豆,0.43056602466344684
玉米,芸豆,-0.8948237501829455
玉米,土豆,0.18375457218129276
玉米,西红柿,-0.7558945820161029
玉米,茄子,0.17563631220634512
玉米,菠菜,0.3658467593163901
玉米,青椒,0.3208161531820637
玉米,菜花,-0.7310873849155823
玉米,包菜,0.9629960761429381
玉米,油麦菜,-0.4508399224948205
玉米,小青菜,0.7214841248841646
玉米,黄瓜,-0.6866214475486245
玉米,生菜,-0.8416886330570621
玉米,辣椒,-0.7324775558074519
玉米,空心菜,-0.6610546400702446
玉米,黄心菜,0.373811759463226
玉米,芹菜,0.30511026070687985
玉米,大白菜,0.24431941875572205
玉米,白萝卜,-0.13491609176413544
玉米,红萝卜,-0.02620236683081667
玉米,榆黄菇,0.40452304948133766
玉米,香菇,0.21358506018230683
玉米,白灵菇,0.5738214514356208
玉米,羊肚菌,-0.5661511589270605
谷子,高粱,0.6387185116999792
谷子,黍子,-0.37073526236504395
谷子,荞麦,0.06631759470214016
谷子,南瓜,-0.8351275263173701
谷子,红薯,0.43498151188744116
谷子,莜麦,0.494435585467343
谷子,大麦,-0.9529925757073925
谷子,水稻,-0.6382169158553339
谷子,豇豆,-0.27668644884041305
谷子,刀豆,-0.4359189219949524
谷子,芸豆,-0.9086705661444874
谷子,土豆,0.7147051898826733
谷子,西红柿,-0.30193955827158203
谷子,茄子,0.4435148084472733
谷子,菠菜,0.8768351653044775
谷子,青椒,-0.9586167330588615
谷子,菜花,0.0084235944998019
谷子,包菜,-0.0017867610728763417
谷子,油麦菜,0.010560193845007948
谷子,小青菜,-0.3143713840111799
谷子,黄瓜,0.3845529560203147
谷子,生菜,-0.5293727610517243
谷子,辣椒,-0.28367390425163364
谷子,空心菜,0.2957233497559455
谷子,黄心菜,0.6453097121959639
谷子,芹菜,-0.15428252185717328
谷子,大白菜,0.3606943246022587
谷子,白萝卜,-0.2119584212438239
谷子,红萝卜,-0.19720471559078834
谷子,榆黄菇,-0.1828446915674422
谷子,香菇,0.7843850811471589
谷子,白灵菇,-0.8505157705299546
谷子,羊肚菌,0.33528342232927355
高粱,黍子,-0.27569937157716073
高粱,荞麦,0.2098764954643617
高粱,南瓜,-0.2519113660765395
高粱,红薯,0.17262996901277639
高粱,莜麦,0.157037695687946
高粱,大麦,-0.35805408971107067
高粱,水稻,-0.7140152766747168
高粱,豇豆,-0.8316742122197327
高粱,刀豆,-0.942857039805358
高粱,芸豆,0.23694452705657354
高粱,土豆,0.8368084994498324
高粱,西红柿,0.7416207530489429
高粱,茄子,-0.9966733139690576
高粱,菠菜,-0.9377699847367051
高粱,青椒,-0.015600689271904722
高粱,菜花,-0.6610777097317155
高粱,包菜,0.5360580167860853
高粱,油麦菜,0.8804755309645456
高粱,小青菜,0.7656425233710422
高粱,黄瓜,-0.3538328892515732
高粱,生菜,0.16516199102940066
高粱,辣椒,0.8940780984787433
高粱,空心菜,-0.6202585734489616
高粱,黄心菜,0.057099654540192724
高粱,芹菜,-0.7509106853915684
高粱,大白菜,-0.7154203659228038
高粱,白萝卜,0.7098351595315973
高粱,红萝卜,-0.7327547098532616
高粱,榆黄菇,-0.10721243971973449
高粱,香菇,0.258489663628801
高粱,白灵菇,-0.21747110539760195
高粱,羊肚菌,-0.07503176363823649
黍子,荞麦,-0.5229001864673442
黍子,南瓜,-0.16533039144667394
黍子,红薯,0.9330653399710782
黍子,莜麦,-0.8529161464544193
黍子,大麦,0.2680391791391854
黍子,水稻,-0.46083857921953975
黍子,豇豆,0.5783534245982567
黍子,刀豆,-0.6207264569595736
黍子,芸豆,0.32568007794791365
黍子,土豆,-0.7307739967873423
黍子,西红柿,0.2702396858995135
黍子,茄子,0.4356957713757219
黍子,菠菜,-0.6669547290653017
黍子,青椒,-0.2684528883987085
黍子,菜花,0.8607608842176868
黍子,包菜,-0.18979090355727957
黍子,油麦菜,-0.13948476909757312
黍子,小青菜,-0.29012648988496936
黍子,黄瓜,-0.46102095865580894
黍子,生菜,0.8341752141553715
黍子,辣椒,-0.23365716074437515
黍子,空心菜,-0.6476417380236026
黍子,黄心菜,-0.31324085436663185
黍子,芹菜,-0.048627992839677114
黍子,大白菜,0.23446042621856722
黍子,白萝卜,-0.5469983266665459
黍子,红萝卜,0.42514167271026326
黍子,榆黄菇,0.8332320827264534
黍子,香菇,-0.5773010518211859
黍子,白灵菇,-0.5149740928543756
黍子,羊肚菌,-0.4806393646254965
荞麦,南瓜,0.40915105236273996
荞麦,红薯,-0.7966039157380829
荞麦,莜麦,0.18170361793515344
荞麦,大麦,-0.37065798812522743
荞麦,水稻,-0.038168851996988495
荞麦,豇豆,-0.247717415242253
荞麦,刀豆,-0.8219897156088283
荞麦,芸豆,0.6491630263556332
荞麦,土豆,-0.03541338730971
荞麦,西红柿,0.7487558620714261
荞麦,茄子,0.763266936697987
荞麦,菠菜,0.9566867616161101
荞麦,青椒,-0.09695313516021287
荞麦,菜花,0.3177876764689709
荞麦,包菜,-0.33433202933927575
荞麦,油麦菜,0.16927491765479497
荞麦,小青菜,-0.5844893633791872
荞麦,黄瓜,0.26046791154354976
荞麦,生菜,0.5178664837935429
荞麦,辣椒,-0.3971381222009298
荞麦,空心菜,0.9503391666703387
荞麦,黄心菜,0.4313562220814522
荞麦,芹菜,-0.4380992320183046
荞麦,大白菜,-0.687972898046473
荞麦,白萝卜,0.6042942128661632
荞麦,红萝卜,0.7916735100132126
荞麦,榆黄菇,-0.7799579993937173
荞麦,香菇,-0.6212464662405659
荞麦,白灵菇,-0.1952188467309186
荞麦,羊肚菌,0.12408236654746996
南瓜,红薯,-0.308949543401964
南瓜,莜麦,0.19556416244681452
南瓜,大麦,-0.9623356150752194
南瓜,水稻,0.2040022067955698
南瓜,豇豆,-0.5855437670928092
南瓜,刀豆,0.755785893933532
南瓜,芸豆,0.623971737369724
南瓜,土豆,-0.8624747901564402
南瓜,西红柿,-0.4889857936269155
南瓜,茄子,-0.3632551149207537
南瓜,菠菜,0.5248736016919622
南瓜,青椒,0.13509828429952253
南瓜,菜花,0.7835810034777595
南瓜,包菜,-0.8360206973746864
南瓜,油麦菜,-0.9667087620654713
南瓜,小青菜,0.8181376912588167
南瓜,黄瓜,0.0626626315774177
南瓜,生菜,0.17547549955444963
南瓜,辣椒,-0.49387427080567115
南瓜,空心菜,0.5244146856944916
南瓜,黄心菜,0.01268054948527686
南瓜,芹菜,0.5529042964151889
南瓜,大白菜,0.5401916801099174
南瓜,白萝卜,0.5947269127481467
南瓜,红萝卜,0.8304124861165552
南瓜,榆黄菇,0.995861718442169
南瓜,香菇,-0.12893909788752933
南瓜,白灵菇,0.4797152037103314
南瓜,羊肚菌,0.8798889565697061
红薯,莜麦,-0.3337291519738099
红薯,大麦,-0.7372743891256015
红薯,水稻,-0.2163066827702862
红薯,豇豆,0.2155923391309864
红薯,刀豆,-0.4462112475916098
红薯,芸豆,-0.04439040446066267
红薯,土豆,0.7081193836223336
红薯,西红柿,-0.8050658170255174
红薯,茄子,-0.6260072839956121
红薯,菠菜,0.32809828174056177
红薯,青椒,-0.16119955949058395
红薯,菜花,0.09829735818318253
红薯,包菜,-0.16259850202497583
红薯,油麦菜,0.1874787186931388
红薯,小青菜,0.777317340899129
红薯,黄瓜,0.765989248066471
红薯,生菜,0.9439089281311914
红薯,辣椒,0.1749911227910459
红薯,空心菜,-0.140520291543331
红薯,黄心菜,-0.17196024052568415
红薯,芹菜,0.6261055984904851
红薯,大白菜,-0.7229736583905342
红薯,白萝卜,0.07008642747843385
红薯,红萝卜,0.41258308439879654
红薯,榆黄菇,0.0980050349913073
红薯,香菇,-0.5503705482288204
红薯,白灵菇,-0.9041479207828731
红薯,羊肚菌,0.3010022307904734
莜麦,大麦,0.44314973172033745
莜麦,水稻,-0.5596844838965274
莜麦,豇豆,-0.15892670859270153
莜麦,刀豆,0.7814332599796983
莜麦,芸豆,-0.29302865445911985
莜麦,土豆,-0.5034465510834243
莜麦,西红柿,0.37139655531931637
莜麦,茄子,-0.829778443158051
莜麦,菠菜,0.9761497738927853
莜麦,青椒,0.19173082705792588
莜麦,菜花,-0.5471971138550948
莜麦,包菜,-0.0028610578437400225
莜麦,油麦菜,0.07283749350374569
莜麦,小青菜,-0.7653084591104267
莜麦,黄瓜,-0.28192004567949014
莜麦,生菜,0.9186604536634839
莜麦,辣椒,-0.6311621464169863
莜麦,空心菜,-0.18810863012372403
莜麦,黄心菜,-0.360560732993624
莜麦,芹菜,0.6950666968156916
莜麦,大白菜,0.5141278900534563
莜麦,白萝卜,0.43589563370218354
莜麦,红萝卜,0.8338400475293184
莜麦,榆黄菇,-0.6864982152118366
莜麦,香菇,0.6750762050817452
莜麦,白灵菇,0.9824031607585313
莜麦,羊肚菌,-0.40840660867080225
大麦,水稻,0.6505404110551196
大麦,豇豆,-0.3014167052235812
大麦,刀豆,-0.24667996519758306
大麦,芸豆,0.18419219123782593
大麦,土豆,-0.2741010841155589
大麦,西红柿,-0.7835167376522141
大麦,茄子,-0.9228555140049413
大麦,菠菜,-0.6112937119765554
大麦,青椒,0.9534189783952571
大麦,菜花,0.014142144270399282
大麦,包菜,-0.2333944366713172
大麦,油麦菜,0.17797064133438312
大麦,小青菜,0.39336055979608875
大麦,黄瓜,-0.29914999012160415
大麦,生菜,0.9818676951002547
大麦,辣椒,0.6493591888713139
大麦,空心菜,0.529325247802316
大麦,黄心菜,0.8730828601115066
大麦,芹菜,0.5566582962847004
大麦,大白菜,0.24144613442790308
大麦,白萝卜,0.7315714173227119
大麦,红萝卜,-0.6806083483927714
大麦,榆黄菇,0.5948773121150688
大麦,香菇,-0.15663961516529668
大麦,白灵菇,0.5745968547371796
大麦,羊肚菌,0.5016510489968238
水稻,豇豆,-0.6143764227533117
水稻,刀豆,-0.4621016891048897
水稻,芸豆,0.46807199696049695
水稻,土豆,-0.06528021615373558
水稻,西红柿,0.7704264111031744
水稻,茄子,0.08746942197684904
水稻,菠菜,-0.4282814722804018
水稻,青椒,-0.8936659055842844
水稻,菜花,0.7123427984577781
水稻,包菜,0.486730196078597
水稻,油麦菜,0.9076446810247802
水稻,小青菜,-0.25272589450768
水稻,黄瓜,-0.4049217672708385
水稻,生菜,-0.28921376761763073
水稻,辣椒,0.1624173604425243
水稻,空心菜,-0.7552761085471951
水稻,黄心菜,0.4278401996376331
水稻,芹菜,-0.2989542749627656
水稻,大白菜,0.8125645936768671
水稻,白萝卜,-0.04817393213618182
水稻,红萝卜,0.19323848441669145
水稻,榆黄菇,0.3254048061965651
水稻,香菇,0.68203309896508
水稻,白灵菇,0.11805515094434793
水稻,羊肚菌,0.5562182356080427
豇豆,刀豆,-0.34274605291287163
豇豆,芸豆,-0.11381295898025945
豇豆,土豆,-0.22174770667406407
豇豆,西红柿,-0.06439530126071857
豇豆,茄子,0.36929784260553244
豇豆,菠菜,-0.49476573282390857
豇豆,青椒,0.0764007584123656
豇豆,菜花,-0.5512620085486788
豇豆,包菜,0.778975117454233
豇豆,油麦菜,0.5958700774183159
豇豆,小青菜,-0.41139210467347254
豇豆,黄瓜,0.7700427944896981
豇豆,生菜,0.9138354344347615
豇豆,辣椒,0.4766790228976139
豇豆,空心菜,0.037713444525335094
豇豆,黄心菜,-0.8051458033806307
豇豆,芹菜,-0.322162072771913
豇豆,大白菜,-0.27869826712640156
豇豆,白萝卜,-0.18780022572466404
豇豆,红萝卜,-0.9185237927187835
豇豆,榆黄菇,0.9013935286181687
豇豆,香菇,-0.6988611084114131
豇豆,白灵菇,0.17412624877396432
豇豆,羊肚菌,0.2929959861870055
刀豆,芸豆,-0.8913892654371429
刀豆,土豆,-0.6218423166982734
刀豆,西红柿,0.518314854912602
刀豆,茄子,-0.3635138536743727
刀豆,菠菜,0.31643720822783683
刀豆,青椒,-0.04371287338914209
刀豆,菜花,0.01950950143887198
刀豆,包菜,-0.3036057714629139
刀豆,油麦菜,-0.6972763343005914
刀豆,小青菜,-0.1184300962604119
刀豆,黄瓜,0.35951470854126377
刀豆,生菜,-0.6983501306995368
刀豆,辣椒,-0.6287606152076677
刀豆,空心菜,-0.6136975126595661
刀豆,黄心菜,-0.5043187159522236
刀豆,芹菜,0.7256664218809674
刀豆,大白菜,-0.07811621727572993
刀豆,白萝卜,-0.7074387719301771
刀豆,红萝卜,0.8863944250814075
刀豆,榆黄菇,-0.8704881706420162
刀豆,香菇,0.9668828084861623
刀豆,白灵菇,-0.6620408232252679
刀豆,羊肚菌,0.9284610772251807
芸豆,土豆,0.8924826603901206
芸豆,西红柿,-0.8159360277785759
芸豆,茄子,0.3914523819680378
芸豆,菠菜,-0.9864939773385724
芸豆,青椒,0.6946805034996726
芸豆,菜花,-0.9507058380075724
芸豆,包菜,-0.7961947901046775
芸豆,油麦菜,-0.9679025073209051
芸豆,小青菜,-0.6218482065620428
芸豆,黄瓜,-0.4748281794117759
芸豆,生菜,-0.007494042853661398
芸豆,辣椒,0.7392185127653108
芸豆,空心菜,0.2646039013117496
芸豆,黄心菜,0.6680264630465018
芸豆,芹菜,0.09015633589309191
芸豆,大白菜,-0.8376862078056546
芸豆,白萝卜,0.9332620930587783
芸豆,红萝卜,-0.6041274469366866
芸豆,榆黄菇,-0.6936368692288952
芸豆,香菇,-0.06467366817094033
芸豆,白灵菇,-0.6566343362628149
芸豆,羊肚菌,-0.4714670450927074
土豆,西红柿,-0.11089286140886578
土豆,茄子,0.7363199010196488
土豆,菠菜,0.2447163550338185
土豆,青椒,-0.8475422144480789
土豆,菜花,0.9937983258413325
土豆,包菜,0.035267606789678
土豆,油麦菜,-0.9379041261372421
土豆,小青菜,-0.14756146152824434
土豆,黄瓜,0.5285460749801889
土豆,生菜,-0.46050325277510096
土豆,辣椒,-0.019203485074931415
土豆,空心菜,0.25972030125093304
土豆,黄心菜,0.24415428879690104
土豆,芹菜,0.5443587991535068
土豆,大白菜,-0.5566577424750536
土豆,白萝卜,0.8546901611704947
土豆,红萝卜,0.820214939007897
土豆,榆黄菇,-0.3134448182622398
土豆,香菇,-0.701785750688237
土豆,白灵菇,-0.6146057105922136
土豆,羊肚菌,-0.6634974449460698
西红柿,茄子,0.8681207701183746
西红柿,菠菜,0.5785478392813403
西红柿,青椒,0.7331846962865911
西红柿,菜花,-0.01003979750394346
西红柿,包菜,-0.8278041731233934
西红柿,油麦菜,-0.04713464647829535
西红柿,小青菜,-0.8534787537711377
西红柿,黄瓜,-0.46576364919079905
西红柿,生菜,0.6871582976222042
西红柿,辣椒,-0.1529213266208218
西红柿,空心菜,0.6812734097722806
西红柿,黄心菜,-0.30494154126525985
西红柿,芹菜,-0.01841976095509046
西红柿,大白菜,-0.1279676323437795
西红柿,白萝卜,-0.22958687866339123
西红柿,红萝卜,0.5582006115760196
西红柿,榆黄菇,-0.5712800565151968
西红柿,香菇,-0.7497141769892581
西红柿,白灵菇,0.017126990219392235
西红柿,羊肚菌,-0.6505428953570958
茄子,菠菜,0.2776972082968041
茄子,青椒,-0.30425576146308053
茄子,菜花,-0.42153314631154326
茄子,包菜,-0.06309531454456563
茄子,油麦菜,-0.5816815683738721
茄子,小青菜,-0.8181437924095545
茄子,黄瓜,0.3003524484295039
茄子,生菜,-0.8902842239960123
茄子,辣椒,0.5522577630177914
茄子,空心菜,0.9247523642371667
茄子,黄心菜,-0.5023454727024041
茄子,芹菜,-0.8075231946954895
茄子,大白菜,0.474747504166356
茄子,白萝卜,-0.279747613778081
茄子,红萝卜,0.23230496461551575
茄子,榆黄菇,-0.7203681035825313
茄子,香菇,0.359507511993721
茄子,白灵菇,-0.8378901513828463
茄子,羊肚菌,0.8933720334968547
菠菜,青椒,-0.08137287145606176
菠菜,菜花,-0.383484842168766
菠菜,包菜,0.34918251911329934
菠菜,油麦菜,-0.21900587506646274
菠菜,小青菜,0.0824511268869137
菠菜,黄瓜,-0.9934108862813968
菠菜,生菜,0.768651794595735
菠菜,辣椒,0.49062609584390127
菠菜,空心菜,-0.7861811133848307
菠菜,黄心菜,0.22814475809359358
菠菜,芹菜,-0.5267884650698209
菠菜,大白菜,0.3427089582367082
菠菜,白萝卜,0.1306024680036142
菠菜,红萝卜,0.8125025395139447
菠菜,榆黄菇,-0.5636915238569622
菠菜,香菇,-0.37506745199601066
菠菜,白灵菇,0.5154615153940909
菠菜,羊肚菌,0.2573202561213783
青椒,菜花,-0.5552150931421147
青椒,包菜,0.6045271419437175
青椒,油麦菜,0.356079954817764
青椒,小青菜,-0.49834284135227835
青椒,黄瓜,0.9820703005312865
青椒,生菜,-0.7587374040948762
青椒,辣椒,-0.6905953079364369
青椒,空心菜,0.4903651392479662
青椒,黄心菜,-0.5538628080543921
青椒,芹菜,0.03677418139224686
青椒,大白菜,-0.2788045484812074
青椒,白萝卜,-0.5067514212320028
青椒,红萝卜,-0.5046927629724551
青椒,榆黄菇,0.3346644489491464
青椒,香菇,-0.0996119261793107
青椒,白灵菇,0.4165160709329254
青椒,羊肚菌,-0.6859155945932258
菜花,包菜,0.8503512582699038
菜花,油麦菜,-0.9317855060019111
菜花,小青菜,-0.46234406531788785
菜花,黄瓜,-0.7699475857660205
菜花,生菜,-0.7856761329217983
菜花,辣椒,0.9183526016164858
菜花,空心菜,0.46106847725544386
菜花,黄心菜,-0.2648030900220857
菜花,芹菜,0.40170950271411465
菜花,大白菜,0.6370003581374641
菜花,白萝卜,-0.3669184750284369
菜花,红萝卜,0.519845428360004
菜花,榆黄菇,0.30088986151020203
菜花,香菇,0.5620218020599994
菜花,白灵菇,-0.6724102328912782
菜花,羊肚菌,-0.8078095953822824
包菜,油麦菜,-0.5557362942376238
包菜,小青菜,0.5796283850453856
包菜,黄瓜,0.8513686086849108
包菜,生菜,-0.8800013417217287
包菜,辣椒,0.18092080979698966
包菜,空心菜,0.5632358040128098
包菜,黄心菜,-0.9616032068898348
包菜,芹菜,-0.2650469117998262
包菜,大白菜,0.5075510675172068
包菜,白萝卜,-0.0027693062205835783
包菜,红萝卜,-0.1336614037786512
包菜,榆黄菇,-0.2028825172896349
包菜,香菇,0.22828676818520566
包菜,白灵菇,-0.4733053264146112
包菜,羊肚菌,-0.43568268172041935
油麦菜,小青菜,0.5652167150326812
油麦菜,黄瓜,0.18609843066095988
油麦菜,生菜,0.9269798852675712
油麦菜,辣椒,-0.4815745851132991
油麦菜,空心菜,-0.07959646020786337
油麦菜,黄心菜,-0.7889924401419535
油麦菜,芹菜,-0.3634192492619015
油麦菜,大白菜,0.3111168611008952
油麦菜,白萝卜,0.34699316640115385
油麦菜,红萝卜,-0.7018517446166814
油麦菜,榆黄菇,0.5303496084990185
油麦菜,香菇,0.9637964851195822
油麦菜,白灵菇,0.26179125433170847
油麦菜,羊肚菌,-0.7847387912578179
小青菜,黄瓜,0.0399162987955175
小青菜,生菜,-0.8287320671721845
小青菜,辣椒,0.9146876809251394
小青菜,空心菜,-0.5622956045699599
小青菜,黄心菜,-0.5798151942804146
小青菜,芹菜,-0.7247839330530901
小青菜,大白菜,-0.33464288971465295
小青菜,白萝卜,0.22053116593998068
小青菜,红萝卜,0.4918037647405029
小青菜,榆黄菇,0.9319167424528882
小青菜,香菇,0.03513642777328352
小青菜,白灵菇,0.02486498134040316
小青菜,羊肚菌,0.28081871397184344
黄瓜,生菜,-0.9780282595436662
黄瓜,辣椒,0.9563603243148993
黄瓜,空心菜,0.39818537782804486
黄瓜,黄心菜,0.532158711431705
黄瓜,芹菜,-0.8357382080858227
黄瓜,大白菜,-0.2766326983738794
黄瓜,白萝卜,0.5583352922924694
黄瓜,红萝卜,0.06021764973904564
黄瓜,榆黄菇,-0.5655667692162292
黄瓜,香菇,0.6678206266147162
黄瓜,白灵菇,-0.38897516029323453
黄瓜,羊肚菌,0.7839483143584223
生菜,辣椒,0.34098117889494217
生菜,空心菜,-0.022523343799695228
生菜,黄心菜,0.9633873018840677
生菜,芹菜,0.4634338485851366
生菜,大白菜,-0.4558928046037136
生菜,白萝卜,-0.22093232102132898
生菜,红萝卜,-0.05657977556054106
生菜,榆黄菇,-0.11042920224963448
生菜,香菇,0.4471741816710526
生菜,白灵菇,-0.7533277435338439
生菜,羊肚菌,-0.8567052994233
辣椒,空心菜,0.7603226839986956
辣椒,黄心菜,0.860594327962678
辣椒,芹菜,0.6653106659963928
辣椒,大白菜,-0.5541313108230754
辣椒,白萝卜,-0.4113773205968734
辣椒,红萝卜,-0.4070982939238563
辣椒,榆黄菇,0.5935421851907503
辣椒,香菇,-0.016340290224849063
辣椒,白灵菇,0.19971760859084653
辣椒,羊肚菌,0.7699492313329843
空心菜,黄心菜,-0.8222494278482313
空心菜,芹菜,-0.5717158949374259
空心菜,大白菜,0.7386648037434893
空心菜,白萝卜,-0.9862719937274849
空心菜,红萝卜,-0.5463853898659148
空心菜,榆黄菇,-0.30610433600281395
空心菜,香菇,-0.9328933604222542
空心菜,白灵菇,0.7282780794654045
空心菜,羊肚菌,-0.4925575326965004
黄心菜,芹菜,0.11873628752261611
黄心菜,大白菜,0.12173116002733719
黄心菜,白萝卜,-0.22085178939286854
黄心菜,红萝卜,-0.0653030663927503
黄心菜,榆黄菇,-0.9998332498046163
黄心菜,香菇,-0.40633413087004566
黄心菜,白灵菇,-0.727297891130418
黄心菜,羊肚菌,0.1101083669152676
芹菜,大白菜,-0.4620517664922066
芹菜,白萝卜,-0.336354871326483
芹菜,红萝卜,0.533312676099287
芹菜,榆黄菇,0.39716736885706627
芹菜,香菇,0.10093085364823051
芹菜,白灵菇,0.977578435816612
芹菜,羊肚菌,-0.3794769303605119
大白菜,白萝卜,-0.6771435467622895
大白菜,红萝卜,-0.3161865863482356
大白菜,榆黄菇,-0.12770634709552242
大白菜,香菇,0.058495555611764116
大白菜,白灵菇,-0.5333177337229962
大白菜,羊肚菌,0.3994706476761525
白萝卜,红萝卜,0.9708503878314212
白萝卜,榆黄菇,-0.04862217915213285
白萝卜,香菇,0.9417227333959466
白萝卜,白灵菇,-0.43297604506613485
白萝卜,羊肚菌,-0.07611863284820419
红萝卜,榆黄菇,0.5343327316123985
红萝卜,香菇,-0.7324498272511435
红萝卜,白灵菇,0.7230196387055103
红萝卜,羊肚菌,0.5580708031231021
榆黄菇,香菇,-0.35783038993493177
榆黄菇,白灵菇,-0.20398148985881703
榆黄菇,羊肚菌,-0.8582461285989162
香菇,白灵菇,-0.8738561718630891
香菇,羊肚菌,0.7985394552487084
白灵菇,羊肚菌,-0.4356502712648609
